[
  {
    "id":7265,
    "firstname":"Robert",
    "lastname":"Holder",
    "grade":"7",
    "jobtitle":"Senior Lecturer in Software Development",
    "nationalinsurance":"NS1234567",
    "photo":"7265.png",
    "department":"Business School",
    "reports":[ "Bob Davis", "Dave Bobby", "Jan January" ],
    "linemanager":"Jake Smith",
    "linemanagerid":1234,
    "salary":50000,
    "currency":"GBP",
    "phone":"01243 812222",
    "email":"r.holder@company.co.uk",
    "homeemail":"r.holder@email.com",
    "homeaddress":"21 Cherry Tree lane, Little Village",
    "nextofkin":"Roemary Smith",
    "employmentstart":"7/7/2004",
    "employmentend":"1/1/3000",
    "dob":"11/11/19",
    "previousroles":[ "IT Manager", "Web Developer", "Coffee Maker" ],
    "otherroles":[ "First Aider", "AED Trained", "Fire Marshall" ],
    "pension":"y",
    "pensiontype":"final",
    "companycar":"n"
  },

    {
    "id":3565,
    "firstname":"Chantel",
    "lastname":"Hoffman",
    "grade":"7",
    "jobtitle":"Senior Lecturer in Modern History",
    "nationalinsurance":"NS1234567",
    "photo":"3565.png",
    "department":"Teaching",
    "reports":[ "Bob Davis", "Dave Bobby", "Jan January" ],
    "linemanager":"Jake Smith",
    "linemanagerid":1234,
    "salary":20000,
    "currency":"GBP",
    "phone":"01243 812222",
    "email":"c.Hoffman@company.co.uk",
    "homeemail":"Hoffmanc@yahoo.co.uk",
    "homeaddress":"77 Ashcroft Drive, The Avenue, Little Town",
    "nextofkin":"",
    "employmentstart":"1/1/2000",
    "employmentend":"1/1/3000",
    "dob":"1/1/1990",
    "previousroles":[ "IT Manager", "Web Developer", "Coffee Maker" ],
    "otherroles":[ "First Aider", "AED Trained", "Fire Marshall" ],
    "pension":"y",
    "pensiontype":"final",
    "companycar":"n"
  },

    {
    "id":1360,
    "firstname":"Carol",
    "lastname":"Zimmerman",
    "grade":"10",
    "jobtitle":"Finance Manager",
    "nationalinsurance":"CC123456F",
    "photo":"3565.png",
    "department":"Finance",
    "reports":[ "Bob Davis", "Dave Bobby", "Jan January" ],
    "linemanager":"Jake Smith",
    "linemanagerid":"1360",
    "salary":20000,
    "currency":"GBP",
    "phone":"01243 812222",
    "email":"Carol@company.co.uk",
    "homeemail":"Carol35@hotmail.com",
    "homeaddress":"1 The Road, Small Town",
    "nextofkin":"",
    "employmentstart":"1/1/2010",
    "employmentend":"1/1/3000",
    "dob":"12/12/1986",
    "previousroles":[ "Management Accountant" ],
    "otherroles":[ "First Aider", "Staff Club Manager", "Fire Marshall" ],
    "pension":"n",
    "pensiontype":"",
    "companycar":"n"
  },

    {
    "id":9784,
    "firstname":"Cindy",
    "lastname":"Harris",
    "grade":"10",
    "jobtitle":"Fleet Manager",
    "nationalinsurance":"QW123456H",
    "photo":"9784.png",
    "department":"Logistics",
    "reports":[ "Bob Davis", "Dave Bobby", "Jan January" ],
    "linemanager":"Jake Smith",
    "linemanagerid":"",
    "salary":55767,
    "currency":"GBP",
    "phone":"01243 817365",
    "email":"CindyH@company.co.uk",
    "homeemail":"cindy858@applemail.com",
    "homeaddress":"12 The Orchard, Bigglesworth",
    "nextofkin":"",
    "employmentstart":"6/5/2003",
    "employmentend":"1/1/3000",
    "dob":"1/1/1976",
    "previousroles":[ "Driver", "Vehicle Leasing Manager" ],
    "otherroles":[ ],
    "pension":"y",
    "pensiontype":"final",
    "companycar":"y"
  },

    {
    "id":9140,
    "firstname":"Cody",
    "lastname":"Blair",
    "grade":"3",
    "jobtitle":"Sales Graduate Trainee",
    "nationalinsurance":"NS1234567",
    "photo":"3565.png",
    "department":"Sales",
    "reports":[  ],
    "linemanager":"Jake Smith",
    "linemanagerid":"8615",
    "salary":15000,
    "currency":"GBP",
    "phone":"01243 812342",
    "email":"b.Cody@company.co.uk",
    "homeemail":"bCody1997@talktalk.com",
    "homeaddress":"100 Dover Road, Sea Town",
    "nextofkin":"",
    "employmentstart":"1/1/2018",
    "employmentend":"1/1/3000",
    "dob":"1/10/1997",
    "previousroles":[ ],
    "otherroles":[ ],
    "pension":"y",
    "pensiontype":"",
    "companycar":"n"
  },

    {
    "id":6505,
    "firstname":"Kane",
    "lastname":"Stevens",
    "grade":"7",
    "jobtitle":"Marketing Graduate Trainee",
    "nationalinsurance":"PP67676T",
    "photo":"6505.png",
    "department":"Marketing",
    "reports":[ "Bob Davis", "Dave Bobby", "Jan January" ],
    "linemanager":"Jake Smith",
    "linemanagerid":1234,
    "salary":24030,
    "currency":"GBP",
    "phone":"01243 812222",
    "email":"r.holden@company.co.uk",
    "homeemail":"r.holden@btinernet.com",
    "homeaddress":"22 The Street, Mega City",
    "nextofkin":"",
    "employmentstart":"1/1/2018",
    "employmentend":"1/1/3000",
    "dob":"12/12/1996",
    "previousroles":[  ],
    "otherroles":[ ],
    "pension":"y",
    "pensiontype":"",
    "companycar":"n"
  },

        {
    "id":1532,
    "firstname":"Adam",
    "lastname":"Owen",
    "grade":"12",
    "jobtitle":"IT Director",
    "nationalinsurance":"NR767676H",
    "photo":"1532.png",
    "department":"IT Services",
    "reports":[ "Bob Davis", "Dave Bobby", "Jan January" ],
    "linemanager":"Jake Smith",
    "linemanagerid":1234,
    "salary":150020,
    "currency":"GBP",
    "phone":"01243 812222",
    "email":"AdamOwen@company.co.uk",
    "homeemail":"AdamOwen@aol.com",
    "homeaddress":"Posh House, The Avenue, High Cliff Villas",
    "nextofkin":"",
    "employmentstart":"12/6/1999",
    "employmentend":"1/1/3000",
    "dob":"1/1/1970",
    "previousroles":[ "IT Manager", "Systems Developer", "Project Manager" ],
    "otherroles":[ "Data Protection Office" ],
    "pension":"y",
    "pensiontype":"final",
    "companycar":"y"
  },

        {
    "id":6985,
    "firstname":"Josh",
    "lastname":"Elliott",
    "grade":"2",
    "jobtitle":"Cleaner",
    "nationalinsurance":"NS767655R",
    "photo":"6985.png",
    "department":"Estates",
    "reports":[ "Bob Davis", "Dave Bobby", "Jan January" ],
    "linemanager":"Jake Smith",
    "linemanagerid":1234,
    "salary":9999,
    "currency":"GBP",
    "phone":"01243 565367",
    "email":"jElliott@company.co.uk",
    "homeemail":"Elliottj89@compuserve.com",
    "homeaddress":"1 The Estate, Big Town",
    "nextofkin":"",
    "employmentstart":"1/1/2014",
    "employmentend":"1/1/3000",
    "dob":"1/1/1980",
    "previousroles":[  ],
    "otherroles":[ ],
    "pension":"n",
    "pensiontype":"",
    "companycar":"n"
  },

        {
    "id":3021,
    "firstname":"Syed",
    "lastname":"Brooks",
    "grade":"6",
    "jobtitle":"Head Gardener",
    "nationalinsurance":"YT123456H",
    "photo":"3021.png",
    "department":"Estates",
    "reports":[ "Jeremy Vaughn" ],
    "linemanager":"Jake Smith",
    "linemanagerid":1234,
    "salary":18751,
    "currency":"GBP",
    "phone":"01243 812222",
    "email":"s.Brooks@company.co.uk",
    "homeemail":"Brookzee@coldmail.com",
    "homeaddress":"47 Fictional Avenue, Nowhere Town",
    "nextofkin":"",
    "employmentstart":"1/1/2000",
    "employmentend":"1/1/3000",
    "dob":"1/1/1990",
    "previousroles":[  ],
    "otherroles":[ "First Aider", "AED Trained", "Fire Marshall" ],
    "pension":"y",
    "pensiontype":"final",
    "companycar":"n"
  },

        {
    "id":2694,
    "firstname":"Jeremy",
    "lastname":"Vaughn",
    "grade":"5",
    "jobtitle":"Assistant Gardener",
    "nationalinsurance":"NS334455G",
    "photo":"3565.png",
    "department":"Estates",
    "reports":[ "Bob Davis", "Dave Bobby", "Jan January" ],
    "linemanager":"Syed Brooks",
    "linemanagerid":1234,
    "salary":15450,
    "currency":"GBP",
    "phone":"01243 812222",
    "email":"r.holden@company.co.uk",
    "homeemail":"r.holden@gmail.com",
    "homeaddress":"101 Orwell Close, Ipswitch",
    "nextofkin":"",
    "employmentstart":"11/11/2010",
    "employmentend":"1/1/3000",
    "dob":"1/1/1990",
    "previousroles":[  ],
    "otherroles":[ "Fire Marshall" ],
    "pension":"y",
    "pensiontype":"",
    "companycar":"n"
  },

        {
    "id":8114,
    "firstname":"Nikki",
    "lastname":"Clark",
    "grade":"8",
    "jobtitle":"Graphic Designer",
    "nationalinsurance":"YY656573E",
    "photo":"8114.png",
    "department":"Marketing",
    "reports":[ "Bob Davis", "Dave Bobby", "Jan January" ],
    "linemanager":"Jake Smith",
    "linemanagerid":1234,
    "salary":20000,
    "currency":"GBP",
    "phone":"01243 812222",
    "email":"r.holden@company.co.uk",
    "homeemail":"r.holden@googlemail.com",
    "homeaddress":"44 Brown Close, Far-Far-Away",
    "nextofkin":"",
    "employmentstart":"1/1/2000",
    "employmentend":"1/1/3000",
    "dob":"1/1/1990",
    "previousroles":[ "IT Manager", "Web Developer", "Coffee Maker" ],
    "otherroles":[ "First Aider", "AED Trained", "Fire Marshall" ],
    "pension":"y",
    "pensiontype":"final",
    "companycar":"n"
  },

        {
    "id":7296,
    "firstname":"Antonio",
    "lastname":"Ward",
    "grade":"12",
    "jobtitle":"Marketing Director",
    "nationalinsurance":"NS1234567",
    "photo":"7296.png",
    "department":"Marketing",
    "reports":[ "Nikki Clark", "Dave Bobby", "Jan January" ],
    "linemanager":"Jake Smith",
    "linemanagerid":1234,
    "salary":64304,
    "currency":"GBP",
    "phone":"01243 812222",
    "email":"r.holden@company.co.uk",
    "homeemail":"r.holden@googlemail.com",
    "homeaddress":"17 Maple Drive, Apple Village",
    "nextofkin":"Barbara Ward",
    "employmentstart":"14/7/2002",
    "employmentend":"1/1/3000",
    "dob":"1/1/1990",
    "previousroles":[ "Marketing Executive", "Marketing Manager", "Coffee Maker" ],
    "otherroles":[ "Community Liason" ],
    "pension":"y",
    "pensiontype":"final",
    "companycar":"n"
  },

        {
    "id":4213,
    "firstname":"Mark",
    "lastname":"Casey",
    "grade":"10",
    "jobtitle":"Head of Sales",
    "nationalinsurance":"HH766565T",
    "photo":"4213.png",
    "department":"Sales",
    "reports":[ "" ],
    "linemanager":"Jake Smith",
    "linemanagerid":1234,
    "salary":50500,
    "currency":"GBP",
    "phone":"01243 814434",
    "email":"m.casey@company.co.uk",
    "homeemail":"Casey-dude@reallyhotmail.com",
    "homeaddress":"Flat 7, 21 Cattle Road, Swallow Town",
    "nextofkin":"",
    "employmentstart":"1/11/2009",
    "employmentend":"1/1/3000",
    "dob":"1/12/1981",
    "previousroles":[ "Sales Manager", "Sales Executive"],
    "otherroles":[ ],
    "pension":"y",
    "pensiontype":"final",
    "companycar":"n"
  },

        {
    "id":4159,
    "firstname":"Douglas",
    "lastname":"Olson",
    "grade":"7",
    "jobtitle":"Sales Trainee",
    "nationalinsurance":"NS656574A",
    "photo":"4159.png",
    "department":"Sales",
    "reports":[ ],
    "linemanager":"Megan Lindsey",
    "linemanagerid":2499,
    "salary":18500,
    "currency":"GBP",
    "phone":"01243 812456",
    "email":"d.olson@company.co.uk",
    "homeemail":"oll098@yahoo.co.uk",
    "homeaddress":"27 London Road, Big Town",
    "nextofkin":"John Lindsey",
    "employmentstart":"1/1/2018",
    "employmentend":"1/1/3000",
    "dob":"17/9/1998",
    "previousroles":[ ],
    "otherroles":[ ],
    "pension":"n",
    "pensiontype":"",
    "companycar":"n"
  },

        {
    "id":8861,
    "firstname":"Faith",
    "lastname":"Watson",
    "grade":"15",
    "jobtitle":"Managing Director",
    "nationalinsurance":"HG656565R",
    "photo":"8861.png",
    "department":"",
    "reports":[ "" ],
    "linemanager":"",
    "linemanagerid":1234,
    "salary":434000,
    "currency":"GBP",
    "phone":"01243 812222",
    "email":"r.holden@company.co.uk",
    "homeemail":"r.holden@email.com",
    "homeaddress":"97 Liverpool Street, Northern City",
    "nextofkin":"",
    "employmentstart":"1/1/2000",
    "employmentend":"1/1/3000",
    "dob":"1/1/1990",
    "previousroles":[ "IT Manager", "Web Developer", "Coffee Maker" ],
    "otherroles":[ "AED Trained", "Fire Evacuation" ],
    "pension":"y",
    "pensiontype":"final",
    "companycar":"n"
  },

        {
    "id":9790,
    "firstname":"Jessica",
    "lastname":"Appleton",
    "grade":"12",
    "jobtitle":"Director of Estates and Facilities",
    "nationalinsurance":"PJ678763A",
    "photo":"9790.png",
    "department":"Estates",
    "reports":[ "Josh Elliot", "Syed Brooks", "John Lydon", "Sandra Harvey" ],
    "linemanager":"Jake Smith",
    "linemanagerid":1234,
    "salary":63000,
    "currency":"GBP",
    "phone":"01243 812222",
    "email":"r.holden@company.co.uk",
    "homeemail":"r.holden@email.com",
    "homeaddress":"56 The Avenue, Nice Town",
    "nextofkin":"",
    "employmentstart":"1/1/2000",
    "employmentend":"1/1/3000",
    "dob":"1/1/1990",
    "previousroles":[ "Maintenance Manager", "Deputy Director of Estates" ],
    "otherroles":[ ],
    "pension":"y",
    "pensiontype":"final",
    "companycar":"y"
  },

        {
    "id":2499,
    "firstname":"Megan",
    "lastname":"Lindsey",
    "grade":"7",
    "jobtitle":"Sales Executive",
    "nationalinsurance":"NG567489C",
    "photo":"2499.png",
    "department":"Sales",
    "reports":[ "Trevor Brown", "Diana Boight", "John Cash" ],
    "linemanager":"Jake Smith",
    "linemanagerid":1234,
    "salary":19000,
    "currency":"GBP",
    "phone":"01243 812245",
    "email":"Megan.Lindsey@company.co.uk",
    "homeemail":"Meganl@email.com",
    "homeaddress":"4 Chesnut Close, Tree Town",
    "nextofkin":"",
    "employmentstart":"1/1/2000",
    "employmentend":"1/1/3000",
    "dob":"1/1/1990",
    "previousroles":[ "Graduate Trainee"],
    "otherroles":[ "First Aider" ],
    "pension":"y",
    "pensiontype":"final",
    "companycar":"n"
  },

        {
    "id":8632,
    "firstname":"Lauren",
    "lastname":"Waters",
    "grade":"9",
    "jobtitle":"Training Manager",
    "nationalinsurance":"NS1234567",
    "photo":"8632.png",
    "department":"HR",
    "reports":[ "Bob Davis", "Dave Bobby", "Jan January" ],
    "linemanager":"Laura Waterman",
    "linemanagerid":8734,
    "salary":46000,
    "currency":"GBP",
    "phone":"01243 818978",
    "email":"l.Waters@company.co.uk",
    "homeemail":"l.Waters5@hotmail.com",
    "homeaddress":"21 Beach Lane, Sea Town",
    "nextofkin":"",
    "employmentstart":"1/12/2008",
    "employmentend":"1/1/3000",
    "dob":"2/12/1990",
    "previousroles":[ "HR Officer" ],
    "otherroles":[  ],
    "pension":"n",
    "pensiontype":"",
    "companycar":"n"
  },

{
    "id":8734,
    "firstname":"Laura",
    "lastname":"Waterman",
    "grade":"12",
    "jobtitle":"Head of HR",
    "nationalinsurance":"HH656567Y",
    "photo":"8734.png",
    "department":"HR",
    "reports":[  ],
    "linemanager":"",
    "linemanagerid":1234,
    "salary":120000,
    "currency":"GBP",
    "phone":"01243 767387",
    "email":"l.Waterman@company.co.uk",
    "homeemail":"Watermanl1969@googley-mail.com",
    "homeaddress":"The Cricketers, Church Lane, Robin Village",
    "nextofkin":"",
    "employmentstart":"6/1/2000",
    "employmentend":"1/1/3000",
    "dob":"18/5/1969",
    "previousroles":[ "Training Manager"],
    "otherroles":[ "Fire Marshall" ],
    "pension":"y",
    "pensiontype":"final",
    "companycar":"n"
  },

{
    "id":9295,
    "firstname":"Peter",
    "lastname":"Bailey",
    "grade":"10",
    "jobtitle":"Head of International",
    "nationalinsurance":"HH734536G",
    "photo":"9295.png",
    "department":"Sales",
    "reports":[  ],
    "linemanager":"",
    "linemanagerid":1234,
    "salary":55000,
    "currency":"USD",
    "phone":"01243 812222",
    "email":"p.bailey@company.co.uk",
    "homeemail":"baileyp@email.com",
    "homeaddress":"210 Smtih Street, London",
    "nextofkin":"",
    "employmentstart":"1/4/2016",
    "employmentend":"1/1/3000",
    "dob":"12/6/1989",
    "previousroles":[ "International Manager"],
    "otherroles":[ "First Aider"],
    "pension":"y",
    "pensiontype":"final",
    "companycar":"y"
  }


]
