[
    {
        "clearance":0,
        "jobtitles": 
        [
            "Graphic Designer",
            "Assistant Gardener",
            "Head of Sales",
            "Head Gardener",
            "Cleaner", 
            "Marketing Graduate Trainee",
            "Sales Trainee",
            "Sales Graduate Trainee"],
        "description": "Permission to view all personal account info, some colleague account info. Permission to edit only some personal info."
    },

        {
        "clearance":1,
        "jobtitles": 
        [
            "Director of Estates and Facilities",
            "Marketing Director", 
            "IT Director", 
            "Fleet Manager", 
            "Senior Lecturer in Modern History",
            "Sales Executive",
            "Training Manager",
            "Senior Lecturer in Software Development"
            
        ],
        "description":"Permission to view all personal account info, all colleague account info. Permission to edit only some personal info."
    },

        {
        "clearance":2,
        "jobtitles": 
        [
            "Head of HR",
            "Managing Director",
            "Head of International",
            "Finance Manager"
        ],
        "description": "Permission to view all personal account info, all colleague account info. Permission to edit all personal info, all colleague info."
    }
]